{
    "speaker_0": [
        [
            0.62,
            2.49
        ],
        [
            2.78,
            6.57
        ],
        [
            9.74,
            11.13
        ],
        [
            15.02,
            16.169999999999998
        ],
        [
            17.58,
            17.849999999999998
        ],
        [
            18.3,
            18.73
        ],
        [
            23.98,
            24.25
        ],
        [
            26.94,
            27.290000000000003
        ],
        [
            32.86,
            33.85
        ],
        [
            44.14,
            44.410000000000004
        ],
        [
            45.02,
            45.45
        ],
        [
            46.3,
            46.57
        ],
        [
            69.82,
            70.00999999999999
        ],
        [
            79.82,
            80.08999999999999
        ],
        [
            82.06,
            82.33
        ]
    ],
    "speaker_1": [
        [
            0.0,
            0.33
        ],
        [
            16.78,
            16.970000000000002
        ],
        [
            20.86,
            21.13
        ],
        [
            31.74,
            32.57
        ],
        [
            35.5,
            35.77
        ],
        [
            36.14,
            36.410000000000004
        ],
        [
            42.62,
            43.21
        ],
        [
            49.9,
            50.17
        ],
        [
            50.78,
            51.050000000000004
        ],
        [
            71.18,
            71.45
        ],
        [
            71.66,
            72.25
        ],
        [
            72.46,
            73.52999999999999
        ],
        [
            73.9,
            74.73
        ],
        [
            80.46,
            81.21
        ],
        [
            83.58,
            84.33
        ],
        [
            106.3,
            107.13
        ],
        [
            108.3,
            109.36999999999999
        ],
        [
            112.78,
            113.13
        ],
        [
            113.66,
            113.92999999999999
        ],
        [
            116.22,
            116.57
        ],
        [
            119.94,
            120.3
        ]
    ],
    "speaker_2": [
        [
            7.18,
            8.01
        ],
        [
            8.38,
            9.370000000000001
        ],
        [
            13.84,
            14.09
        ],
        [
            19.02,
            19.29
        ],
        [
            19.5,
            20.01
        ],
        [
            21.74,
            22.25
        ],
        [
            22.62,
            22.89
        ],
        [
            24.86,
            25.61
        ],
        [
            25.98,
            26.25
        ],
        [
            37.42,
            38.09
        ],
        [
            38.38,
            38.650000000000006
        ],
        [
            39.82,
            40.09
        ],
        [
            41.02,
            41.61000000000001
        ],
        [
            97.5,
            101.53
        ],
        [
            118.54,
            119.94000000000001
        ]
    ],
    "speaker_3": [
        [
            13.34,
            13.84
        ],
        [
            52.14,
            52.57
        ],
        [
            54.22,
            56.089999999999996
        ],
        [
            56.54,
            57.21
        ],
        [
            57.9,
            58.73
        ],
        [
            59.26,
            59.53
        ],
        [
            61.26,
            62.809999999999995
        ],
        [
            64.3,
            64.73
        ],
        [
            65.1,
            65.44999999999999
        ],
        [
            67.34,
            67.61
        ],
        [
            68.06,
            68.41
        ],
        [
            75.9,
            76.49000000000001
        ],
        [
            77.66,
            77.92999999999999
        ],
        [
            78.54,
            79.29
        ],
        [
            82.54,
            82.81
        ],
        [
            86.38,
            86.64999999999999
        ],
        [
            93.02,
            93.28999999999999
        ],
        [
            94.06,
            94.73
        ],
        [
            96.22,
            96.57
        ],
        [
            104.78,
            105.05
        ]
    ],
    "speaker_4": [
        [
            85.82,
            86.00999999999999
        ],
        [
            89.58,
            90.89
        ],
        [
            91.26,
            92.81
        ],
        [
            95.74,
            96.00999999999999
        ],
        [
            104.06,
            104.25
        ]
    ]
}